<?xml version="1.0" encoding="UTF-8"?>
<project-private xmlns="http://www.netbeans.org/ns/project-private/1">
    <editor-bookmarks xmlns="http://www.netbeans.org/ns/editor-bookmarks/2" lastBookmarkId="0"/>
    <open-files xmlns="http://www.netbeans.org/ns/projectui-open-files/2">
        <group>
            <file>file:/C:/Users/52556/Documents/NetBeansProjects/Panaderia/src/java/utils/UsuarioDAO.java</file>
            <file>file:/C:/Users/52556/Documents/NetBeansProjects/Panaderia/web/detalleProductoPromocion.html</file>
            <file>file:/C:/Users/52556/Documents/NetBeansProjects/Panaderia/src/java/utils/Usuario.java</file>
            <file>file:/C:/Users/52556/Documents/NetBeansProjects/Panaderia/web/styles.css</file>
            <file>file:/C:/Users/52556/Documents/NetBeansProjects/Panaderia/src/java/servlets/LoginServlet.java</file>
            <file>file:/C:/Users/52556/Documents/NetBeansProjects/Panaderia/web/resumenPedido.html</file>
            <file>file:/C:/Users/52556/Documents/NetBeansProjects/Panaderia/src/java/servlets/BusquedaServlet.java</file>
            <file>file:/C:/Users/52556/Documents/NetBeansProjects/Panaderia/web/detalleProductoTemp.html</file>
            <file>file:/C:/Users/52556/Documents/NetBeansProjects/Panaderia/src/java/utils/CarritoItem.java</file>
            <file>file:/C:/Users/52556/Documents/NetBeansProjects/Panaderia/web/productos.js</file>
            <file>file:/C:/Users/52556/Documents/NetBeansProjects/Panaderia/src/java/servlets/PaginaProtegidaServlet.java</file>
            <file>file:/C:/Users/52556/Documents/NetBeansProjects/Panaderia/web/Productos.html</file>
            <file>file:/C:/Users/52556/Documents/NetBeansProjects/Panaderia/web/carrito.html</file>
            <file>file:/C:/Users/52556/Documents/NetBeansProjects/Panaderia/web/detalleProducto.html</file>
            <file>file:/C:/Users/52556/Documents/NetBeansProjects/Panaderia/web/direccionEnvio.html</file>
            <file>file:/C:/Users/52556/Documents/NetBeansProjects/Panaderia/src/java/utils/Product.java</file>
            <file>file:/C:/Users/52556/Documents/NetBeansProjects/Panaderia/web/pagoLinea.html</file>
            <file>file:/C:/Users/52556/Documents/NetBeansProjects/Panaderia/src/java/servlets/CarritoServlet.java</file>
        </group>
    </open-files>
</project-private>
